AICTE,AboutUS
What is AICTE?,AboutUS
TELL ABOUT AICTE,AboutUS
ABOUT AICTE,AboutUS
abt aicte,AboutUS
aicte is?,AboutUS
SOCTORAL,ADF
DOCTORAL FELLOWSHIP SCHEME,ADF
AICTE DOCTORAL FELLOWSHIP,ADF
ADF,ADF
FELLOWSHIP,ADF
OCTORAL,ADF
FELLOWSHIP SCHEME,ADF
DOCTORAL,ADF
DOCTORAL SCHEME,ADF
aicte aims to achieve?,AICTE_Objectives
AICTE OBJECTIVE,AICTE_Objectives
objectives of aicte,AICTE_Objectives
AICTE OBJECTIVES,AICTE_Objectives
aim of aicte,AICTE_Objectives
people in aicte,AICTE_Team
heads in aicte,AICTE_Team
team of aicte,AICTE_Team
team,AICTE_Team
leaders of aicte,AICTE_Team
AICTE team,AICTE_Team
heads of aicte,AICTE_Team
important people in aicte,AICTE_Team
apex level body,APEX_level_bodies
one,APEX_level_bodies
1,APEX_level_bodies
apex level bodies,APEX_level_bodies
ATAL RANKING,ARIIA
INSTITUTIONS OF INNOVAION ACHIEVEMEN,ARIIA
ARIIA,ARIIA
INNOVATION ACHIEVEMENT,ARIIA
Atal Ranking of Institutions of Innovation Achievement (ARIIA),ARIIA
CAFE,CAFES
SCHEME FOR CAMPUS ACCOMMODATION & FACILITIES ENHANCING SOCIAL EXPERIENCE (CAFES),CAFES
CAFES,CAFES
CAMPUS ACCOMODATION,CAFES
SOCIAL EXPREINCE,CAFES
SOCIAL EXPERIENCE,CAFES
CAMPUS ACCOMMODATION,CAFES
FACILITIES ENHANCING SOCIAL EXPERIENCE,CAFES
SCHEME FOR CAMPUS ACCOMODATION,CAFES
SCHEMES FOR CAMPUS ACCOMODATION,CAFES
SCHEME FOR ENHANCING SOCIAL EXPREIENCE,CAFES
SCHEMES FOR ENHANCONG SOCIAL EXPRESINCE,CAFES
SCHEMES FOR ENHANCING SOCIAL EXPERIENCE,CAFES
5,central
central,central
c,central
info abt community college,community_college
clg,community_college
community college,community_college
community clg,community_college
information about community collegr,community_college
GRANT FOR ORGANISING CONFERENCE,ConferenceGrant
conference,ConferenceGrant
grant organising conference,ConferenceGrant
organising conference,ConferenceGrant
study details,Course_Curriculum
course,Course_Curriculum
syllabus,Course_Curriculum
curriculum,Course_Curriculum
books for the course,Course_Curriculum
Course curriculum,Course_Curriculum
course syllabus,Course_Curriculum
important books,Course_Curriculum
books,Course_Curriculum
CLEAN AND SMART,CSC
Clean and smart campus,CSC
SMART AND CLEAN CAMPUS,CSC
CLEAN CAMPUS,CSC
CGC,CSC
SMART CAMPUS,CSC
policy for distance learning,DistanceEducation
distance education policy,DistanceEducation
distance learning policy,DistanceEducation
distance education,DistanceEducation
distance edu,DistanceEducation
distance learning,DistanceEducation
policy for distance education,DistanceEducation
east,East
e,East
2,East
opportunities for teachers,FacultyOpportunities
Faculty opportunities,FacultyOpportunities
What are the available opportunities for the faculty,FacultyOpportunities
faculty opportunity,FacultyOpportunities
opportunites for faculties,FacultyOpportunities
faculty,FacultyOpportunities
teacher opportunity,FacultyOpportunities
teacher,FacultyOpportunities
faculties opportunities,FacultyOpportunities
teacher opportunites,FacultyOpportunities
What are the available opportunities for the teacher,FacultyOpportunities
What are the available opportunities for the teachers,FacultyOpportunities
opportunity for faculty,FacultyOpportunities
opportunity for teachers,FacultyOpportunities
faculties schemes,Faculty_Scheme
Available faculty schemes,Faculty_Scheme
scheme for faculty,Faculty_Scheme
schemes for faculties,Faculty_Scheme
scheme faculty,Faculty_Scheme
FACULTY DEVELOPMENT PROGRAM,FDP
FACULTIES DEVELOPMENT PROGRAMME,FDP
AICTE-FACULTY DEVELOPMENT PROGRAMME (FDP),FDP
INFRASTRUCTURE IN NORTH EASTERN REGION,GAINER
GRANT FOR AUGMENING INFRASRUCTURE IN NORTH EASTERN REGION,GAINER
GAINER,GAINER
AUGMENTING INFRASTRUCTURE,GAINER
AICTE- GRANT FOR AUGMENTING INFRASTRUCTURE IN NORTH EASTERN REGION (GAINER),GAINER
NORTH EASTERN REGION,GAINER
GRANT FOR AUGMENTING INFRASTRUCTURE,GAINER
scheme general,GeneralScheme
general schemes,GeneralScheme
general,GeneralScheme
general schemed,GeneralScheme
generalized scheme,GeneralScheme
headoffices,Head_Office
head offices,Head_Office
head,Head_Office
Head Office,Head_Office
H,Head_Office
AICTE-IDEA LAB,IdeaLab
IDEA LAB,IdeaLab
IIITs,IIIT
IIIT,IIIT
IIM,IIM
IIMs,IIM
IITs,IIT
IIT,IIT
TRAVE GRANT SCHEME,INAE
GRANT SCHEME,INAE
AICTE INAE TRAVEL GRANT SCHEME,INAE
INAE,INAE
TRAVEL GRANT SCHEME,INAE
TRAVEL SCHEME,INAE
INAE TRAVEL SCHEME,INAE
AICTE initiative,Initiatives
AICTE initiatives,Initiatives
initiatives,Initiatives
initiative,Initiatives
initiaitives by aicte,Initiatives
initiative by aicte,Initiatives
Available opportuities for institutions,InstitutionOpportunities
institutes,InstitutionOpportunities
Institute,InstitutionOpportunities
Available opportuities for institutes,InstitutionOpportunities
institution,InstitutionOpportunities
Available opportuities for institution,InstitutionOpportunities
institutiotnal schemes,InstitutitonalSchemes
institutional scheme,InstitutitonalSchemes
institute schems,InstitutitonalSchemes
institute scheme,InstitutitonalSchemes
scheme for institutes,InstitutitonalSchemes
institute schemes,InstitutitonalSchemes
schemes for institutes,InstitutitonalSchemes
scheme institute,InstitutitonalSchemes
institutional schemes,InstitutitonalSchemes
How can I get an internship using AICTE,Internship
Internship,Internship
Internship through AICTE,Internship
Internship via AICTE,Internship
AICTE Internship,Internship
Jal shakti abhiyan,JSA
JAL ABHIYAAN,JSA
JAL SHAKTI,JSA
JSA,JSA
KAUSHAL AUGMENTATION AND RESTRUCTURING MISSION OF AICTE (KARMA),KARMA
KARMA,KARMA
AUGMENTATION AND INFRASTRUCTURING MISSION,KARMA
KAUSHAL AUGMENATION AND INFRASTRUCTURING TECHNIQUES,KARMA
INFRASTRUCTURING MISSION,KARMA
KAUSHAL AUGMENTATION,KARMA
AUGMENTATION AND INFRASTRUCTURING TECHNIQUE,KARMA
IIT,KeyInstitutions
Key institutions,KeyInstitutions
which are the key institutions,KeyInstitutions
information abt the key institutes,KeyInstitutions
info about the key institutions,KeyInstitutions
IIITs,KeyInstitutions
IIIT,KeyInstitutions
IIMs,KeyInstitutions
NITTTR,KeyInstitutions
NITs,KeyInstitutions
NITTTRs,KeyInstitutions
NIT,KeyInstitutions
IITs,KeyInstitutions
IIM,KeyInstitutions
Apex level bodies,KeyInstitutions
apex level body,KeyInstitutions
LILAWATI,LILAVATI
LILAWATI AWARD,LILAVATI
LILAVATI,LILAVATI
AICTE LILAVATI AWARD,LILAVATI
AICTE LILAWATI AWARD,LILAVATI
LILAVATI AWARD,LILAVATI
MISSION OF AICTE,Mission
MISSION,Mission
AICTE MISSION,Mission
MITACS GRI,MITACS
MITACS GLOBALINK RESEARCH INTERNSHIP,MITACS
MITACS,MITACS
GLOBALINK,MITACS
GRI,MITACS
MODERNISATION AND REMOVAL OF OBSOLESCENCE (MODROBS),MODROBS
REMOVAL OF OBSOLESCENCE,MODROBS
MODROBS,MODROBS
OBSOLESCENCE,MODROBS
aicte newsletter,Newsletter
news,Newsletter
newsletter,Newsletter
newsletter aicte,Newsletter
news letter aicte,Newsletter
news letter,Newsletter
aicte news letter,Newsletter
letter,Newsletter
NITs,NIT
NIT,NIT
AICTE- NATIONAL INITIATIVE FOR TECHNICAL TEACHERS TRAINING (AICTE - NITTT),NITTT
NITTT,NITTT
NITTTRs,NITTTR
NITTTR,NITTTR
1,North
north,North
n,North
OFFICES,Offices
BRANCHES,Offices
BRANCH,Offices
AICTE OFFICES,Offices
OFFICE AICTE,Offices
OFFICE,Offices
What are the available opportunities?,Opportunities
opportunities for me,Opportunities
Opportunities,Opportunities
available opportunities,Opportunities
opportunity,Opportunities
1 STUDENT ONE TREE,OSOT
ONE STUDENT 1 TREE,OSOT
One student one tree,OSOT
STUDENT TREE,OSOT
EACH STUENT ONE TREE,OSOT
ONE TREE BY EACH STUDENT,OSOT
1 STUDENT 1 TREE,OSOT
TREE STUDENT,OSOT
PROFESSIONAL DEVELOPMENT SCHEME,PDS
AICTE PROFESSIONAL DEVELOPMENT SCHEME,PDS
PG SCHOLARSHIPS,PG
POST GRADUATE SCHOLARSHIPS,PG
POST GRADUATE SCHOLARSHIP,PG
PR SCHOLARSHIP,PG
PG SCHOLARSHIP,PG
PG,PG
KAUSHAL VIKAS YOJNA,PMKVY
PRADHAN MANTRI KAUSHAL VIKAS YOJNA,PMKVY
PM KAUSHAL VIKAS YOJNA,PMKVY
PMKVY,PMKVY
VIKAS YOJNA,PMKVY
pm scholarship,PMSSS
Prime Minister's Special Scholarship Scheme,PMSSS
PM's special scholarship scheme,PMSSS
PMSSS,PMSSS
Special scholarship scheme,PMSSS
education reforms,PoliciesReforms
reforms related to education,PoliciesReforms
education reform,PoliciesReforms
policies and reforms related to education,PoliciesReforms
education policy,PoliciesReforms
education policies,PoliciesReforms
education policies reforms,PoliciesReforms
policy and reform related to education,PoliciesReforms
Policies related to education,PoliciesReforms
education policy and reform,PoliciesReforms
Pragati,PragatiScholarship
Pragati Scholarship,PragatiScholarship
Camp Office,Regional_Camp_Offices
camp offices,Regional_Camp_Offices
regional offices,Regional_Camp_Offices
Regional and Camp offices,Regional_Camp_Offices
R,Regional_Camp_Offices
C,Regional_Camp_Offices
Regional Office,Regional_Camp_Offices
innovation development,ResearchAndInnovationDevelopment
research schemes,ResearchAndInnovationDevelopment
research development,ResearchAndInnovationDevelopment
schemes for research,ResearchAndInnovationDevelopment
schemes for innovation,ResearchAndInnovationDevelopment
innovation scheme,ResearchAndInnovationDevelopment
Research and innovation development,ResearchAndInnovationDevelopment
research development schemes,ResearchAndInnovationDevelopment
innovation schemes,ResearchAndInnovationDevelopment
research development and innovation schmes,ResearchAndInnovationDevelopment
AICTE-RESEARCH PROMOTION SCHEME (RPS),RPS
RESEARCH PROMOTION SCHEME,RPS
RPS,RPS
Saansad Aadarsh Gram Yojna (SAGY),SAGY
SAGY,SAGY
SAANSAD GRAM YOJNA,SAGY
SAANSAD ADARSH,SAGY
GRAM YOJNA,SAGY
AADARSH GRAM YOJNA,SAGY
Saksham scholarship,SAKSHAM
saksham scholarships,SAKSHAM
saksham,SAKSHAM
aicte scheme,Schemes
schemes by aicte,Schemes
schemes,Schemes
what are the different schemes present in aicte,Schemes
scheme,Schemes
aicte schemes,Schemes
LEARNING ASSESSMENT,SLA
ASSESSMENT PROJECT,SLA
ASSESSMENT,SLA
AICTE Student learning assessment project - PARAKH,SLA
LEARNING PROJECT,SLA
PARAKH,SLA
SLA,SLA
AICTE Student learning assessment project,SLA
STUDENT LEARNING ASSESSMENT,SLA
STUDENT ASSESSMENT,SLA
S,SOUTH
SOUTH,SOUTH
4,SOUTH
ABROAD,SSPCA
Support to Students for Participating in Competitions Abroad,SSPCA
COMPETITIONS,SSPCA
SUPORT FOR STUDENTS,SSPCA
COMPETITIONS ABROAD,SSPCA
SSPCA,SSPCA
opportunities for students,StudentOpportunities
Available opportunities for students,StudentOpportunities
student opportunities,StudentOpportunities
student,StudentOpportunities
student scheme,Student_scheme
student schemes,Student_scheme
students schemes,Student_scheme
scheme for students,Student_scheme
available schemes for students,Student_scheme
schemes for students,Student_scheme
students scheme,Student_scheme
Swanath scholarship,SwanathScholarship
swanath scholarships,SwanathScholarship
Swanath,SwanathScholarship
Launch of SWAYAM by honourable president,SWAYAM
SWAYAM,SWAYAM
AICTE- TECHNICAL UNIVERSITY JOINT TRAINING PROGRAMS FOR TEACHERS,TUJTPT
JOINT TRAINING PROGRAAME,TUJTPT
TECHNICAL TRAINING PROGRAMME,TUJTPT
aicte virtual labs,VirtualLabs
virtual labs,VirtualLabs
virtual lab,VirtualLabs
Virtual lab policy,VirtualLabs
virtual labs policy,VirtualLabs
aicte virtual lab,VirtualLabs
VISION OF AICTE,Vision
AICTE VISION,Vision
VISION,Vision
3,west
west,west
W,west
AICTE Youth Undertaking Visit for Acquiring Knowledge (YUVAK),YUVAK
AICTE Youth Undertaking Visit for Acquiring Knowledge *YUVAK),YUVAK
AICTE Youth Undertaking Visit for Acquiring Knowledge YUVAK,YUVAK
YOUTH UNDERTAKING ACQURING KNOWLEDGE,YUVAK
YOUTH ACQUIRING KNOWLEDGE,YUVAK
KNOWLEDGE,YUVAK
ACQUIRING KNOWLEDGE,YUVAK
AICTE Youth Undertaking Visit for Acquiring Knowledge,YUVAK
YUVAK,YUVAK
